id,title,company,location,skills,experience_min_years,salary_min,salary_max,salary_is_predicted,created,first_seen,last_seen
"in:demo-000","Data Analyst","Example Company 1","Mumbai","SQL; Python; Tableau","2","400000","560000","0","2026-09-01T00:00:00+00:00","2026-10-08T20:53:02.759202+00:00","2026-10-08T21:23:19.796991+00:00"
"in:demo-001","Business Analyst","Example Company 2","Hyderabad","Excel; Python; dbt","1","1200000","1680000","0","2026-09-02T00:00:00+00:00","2026-10-08T20:53:02.759202+00:00","2026-10-08T21:23:19.796991+00:00"
"in:demo-002","Product Analyst","Example Company 3","Pune","Excel; Python","5","400000","560000","0","2026-09-03T00:00:00+00:00","2026-10-08T20:53:02.759202+00:00","2026-10-08T21:23:19.796991+00:00"
"in:demo-003","BI Analyst","Example Company 4","Hyderabad","Python; dbt","2","1200000","1680000","0","2026-09-04T00:00:00+00:00","2026-10-08T20:53:02.759202+00:00","2026-10-08T21:23:19.796991+00:00"
"in:demo-004","E-commerce Analyst","Example Company 5","Delhi NCR","SQL; Excel; Python; Tableau; Azure; GenAI","3","900000","1260000","0","2026-09-05T00:00:00+00:00","2026-10-08T20:53:02.759202+00:00","2026-10-08T21:23:19.796991+00:00"
"in:demo-005","Data Analyst","Example Company 6","Hyderabad","Excel; Python; AWS","1","","","0","2026-09-06T00:00:00+00:00","2026-10-08T20:53:02.759202+00:00","2026-10-08T21:23:19.796991+00:00"
"in:demo-006","Business Analyst","Example Company 7","Pune","SQL; Python; Tableau; AWS; GenAI","1","900000","1260000","0","2026-09-07T00:00:00+00:00","2026-10-08T20:53:02.759202+00:00","2026-10-08T21:23:19.796991+00:00"
"in:demo-007","Product Analyst","Example Company 8","Delhi NCR","Excel; Python; Tableau; AWS; Azure; dbt","5","1200000","1680000","0","2026-09-08T00:00:00+00:00","2026-10-08T20:53:02.759202+00:00","2026-10-08T21:23:19.796991+00:00"
"in:demo-008","BI Analyst","Example Company 9","Bengaluru","SQL; Excel; Python","2","600000","840000","0","2026-09-09T00:00:00+00:00","2026-10-08T20:53:02.759202+00:00","2026-10-08T21:23:19.796991+00:00"
"in:demo-009","E-commerce Analyst","Example Company 10","Delhi NCR","Python; Tableau; Azure","2","900000","1260000","0","2026-09-10T00:00:00+00:00","2026-10-08T20:53:02.759202+00:00","2026-10-08T21:23:19.796991+00:00"
"in:demo-010","Data Analyst","Example Company 11","Pune","Python; Tableau; AWS; GenAI","6","","","0","2026-09-11T00:00:00+00:00","2026-10-08T20:53:02.759202+00:00","2026-10-08T21:23:19.796991+00:00"
"in:demo-011","Business Analyst","Example Company 12","Hyderabad","Power BI; Python; dbt","3","900000","1260000","0","2026-09-12T00:00:00+00:00","2026-10-08T20:53:02.759202+00:00","2026-10-08T21:23:19.796991+00:00"
"in:demo-012","Product Analyst","Example Company 1","Delhi NCR","SQL; Excel; Power BI; Python; AWS; Snowflake","1","900000","1260000","0","2026-09-13T00:00:00+00:00","2026-10-08T20:53:02.759202+00:00","2026-10-08T21:23:19.796991+00:00"
"in:demo-013","BI Analyst","Example Company 2","Hyderabad","Python; AWS; GenAI","6","900000","1260000","0","2026-09-14T00:00:00+00:00","2026-10-08T20:53:02.759202+00:00","2026-10-08T21:23:19.796991+00:00"
"in:demo-014","E-commerce Analyst","Example Company 3","Pune","Excel; Power BI; Python; Tableau; AWS; GenAI","3","1200000","1680000","0","2026-09-15T00:00:00+00:00","2026-10-08T20:53:02.759202+00:00","2026-10-08T21:23:19.796991+00:00"
"in:demo-015","Data Analyst","Example Company 4","Bengaluru","Excel; Python; Tableau; AWS; Azure; dbt; GenAI","1","900000","1260000","0","2026-09-16T00:00:00+00:00","2026-10-08T20:53:02.759202+00:00","2026-10-08T21:23:19.796991+00:00"
"in:demo-016","Business Analyst","Example Company 5","Pune","Power BI; Python; GenAI","1","900000","1260000","0","2026-09-17T00:00:00+00:00","2026-10-08T20:53:02.759202+00:00","2026-10-08T21:23:19.796991+00:00"
"in:demo-017","Product Analyst","Example Company 6","Pune","SQL; Python; Tableau; Azure; Snowflake; dbt","3","","","0","2026-09-18T00:00:00+00:00","2026-10-08T20:53:02.759202+00:00","2026-10-08T21:23:19.796991+00:00"
"in:demo-018","BI Analyst","Example Company 7","Bengaluru","Excel; Python; Tableau; Azure; GenAI","6","900000","1260000","0","2026-09-19T00:00:00+00:00","2026-10-08T20:53:02.759202+00:00","2026-10-08T21:23:19.796991+00:00"
"in:demo-019","E-commerce Analyst","Example Company 8","Pune","Excel; Power BI; Python; Azure; dbt","5","600000","840000","0","2026-09-20T00:00:00+00:00","2026-10-08T20:53:02.759202+00:00","2026-10-08T21:23:19.796991+00:00"
"in:demo-020","Data Analyst","Example Company 9","Pune","Power BI; Python; AWS; GenAI","1","1200000","1680000","0","2026-09-21T00:00:00+00:00","2026-10-08T20:53:02.759202+00:00","2026-10-08T21:23:19.796991+00:00"
"in:demo-021","Business Analyst","Example Company 10","Bengaluru","SQL; Power BI; Python; AWS; Snowflake; dbt; GenAI","2","400000","560000","0","2026-09-22T00:00:00+00:00","2026-10-08T20:53:02.759202+00:00","2026-10-08T21:23:19.796991+00:00"
"in:demo-022","Product Analyst","Example Company 11","Mumbai","SQL; Excel; Python; Tableau; Azure; Snowflake; GenAI","6","400000","560000","0","2026-09-23T00:00:00+00:00","2026-10-08T20:53:02.759202+00:00","2026-10-08T21:23:19.796991+00:00"
"in:demo-023","BI Analyst","Example Company 12","Mumbai","Power BI; Python; Tableau; Azure; Snowflake; dbt","5","900000","1260000","0","2026-09-24T00:00:00+00:00","2026-10-08T20:53:02.759202+00:00","2026-10-08T21:23:19.796991+00:00"
"in:demo-024","E-commerce Analyst","Example Company 1","Pune","Tableau; AWS; Azure","4","900000","1260000","0","2026-09-25T00:00:00+00:00","2026-10-08T20:53:02.759202+00:00","2026-10-08T21:23:19.796991+00:00"
"in:demo-025","Data Analyst","Example Company 2","Delhi NCR","Python; GenAI","1","","","0","2026-09-26T00:00:00+00:00","2026-10-08T20:53:02.759202+00:00","2026-10-08T21:23:19.796991+00:00"
"in:demo-026","Business Analyst","Example Company 3","Bengaluru","SQL; Python; AWS; Azure; dbt; GenAI","1","400000","560000","0","2026-09-27T00:00:00+00:00","2026-10-08T20:53:02.759202+00:00","2026-10-08T21:23:19.796991+00:00"
"in:demo-027","Product Analyst","Example Company 4","Mumbai","Excel; Power BI; Python; dbt","5","900000","1260000","0","2026-09-28T00:00:00+00:00","2026-10-08T20:53:02.759202+00:00","2026-10-08T21:23:19.796991+00:00"
"in:demo-028","BI Analyst","Example Company 5","Hyderabad","Python; Snowflake; GenAI","2","900000","1260000","0","2026-09-29T00:00:00+00:00","2026-10-08T20:53:02.759202+00:00","2026-10-08T21:23:19.796991+00:00"
"in:demo-029","E-commerce Analyst","Example Company 6","Hyderabad","Excel; Azure","4","600000","840000","0","2026-09-30T00:00:00+00:00","2026-10-08T20:53:02.759202+00:00","2026-10-08T21:23:19.796991+00:00"
"in:demo-030","Data Analyst","Example Company 7","Bengaluru","SQL; Excel; Python; AWS; GenAI","2","600000","840000","0","2026-09-01T00:00:00+00:00","2026-10-08T20:53:02.759202+00:00","2026-10-08T21:23:19.796991+00:00"
"in:demo-031","Business Analyst","Example Company 8","Hyderabad","Python; Snowflake; dbt","2","400000","560000","0","2026-09-02T00:00:00+00:00","2026-10-08T20:53:02.759202+00:00","2026-10-08T21:23:19.796991+00:00"
"in:demo-032","Product Analyst","Example Company 9","Bengaluru","Excel; Python; Snowflake; dbt","1","1200000","1680000","0","2026-09-03T00:00:00+00:00","2026-10-08T20:53:02.759202+00:00","2026-10-08T21:23:19.796991+00:00"
"in:demo-033","BI Analyst","Example Company 10","Mumbai","SQL; Excel; Python; AWS; Snowflake; dbt","4","900000","1260000","0","2026-09-04T00:00:00+00:00","2026-10-08T20:53:02.759202+00:00","2026-10-08T21:23:19.796991+00:00"
"in:demo-034","E-commerce Analyst","Example Company 11","Hyderabad","Power BI; Azure","3","","","0","2026-09-05T00:00:00+00:00","2026-10-08T20:53:02.759202+00:00","2026-10-08T21:23:19.796991+00:00"
"in:demo-035","Data Analyst","Example Company 12","Mumbai","Excel; Tableau; Azure; Snowflake; dbt","1","600000","840000","0","2026-09-06T00:00:00+00:00","2026-10-08T20:53:02.759202+00:00","2026-10-08T21:23:19.796991+00:00"
"in:demo-036","Business Analyst","Example Company 1","Pune","SQL; Tableau; AWS; Azure; dbt; GenAI","5","900000","1260000","0","2026-09-07T00:00:00+00:00","2026-10-08T20:53:02.759202+00:00","2026-10-08T21:23:19.796991+00:00"
"in:demo-037","Product Analyst","Example Company 2","Bengaluru","SQL; Excel; dbt","5","400000","560000","0","2026-09-08T00:00:00+00:00","2026-10-08T20:53:02.759202+00:00","2026-10-08T21:23:19.796991+00:00"
"in:demo-038","BI Analyst","Example Company 3","Pune","Python; Azure","2","","","0","2026-09-09T00:00:00+00:00","2026-10-08T20:53:02.759202+00:00","2026-10-08T21:23:19.796991+00:00"
"in:demo-039","E-commerce Analyst","Example Company 4","Pune","SQL; Excel; Python; Tableau; AWS; GenAI","3","1200000","1680000","0","2026-09-10T00:00:00+00:00","2026-10-08T20:53:02.759202+00:00","2026-10-08T21:23:19.796991+00:00"
"in:demo-040","Data Analyst","Example Company 5","Mumbai","Power BI; Python; AWS; GenAI","6","900000","1260000","0","2026-09-11T00:00:00+00:00","2026-10-08T20:53:02.759202+00:00","2026-10-08T21:23:19.796991+00:00"
"in:demo-041","Business Analyst","Example Company 6","Pune","SQL; Excel; AWS; Snowflake","5","900000","1260000","0","2026-09-12T00:00:00+00:00","2026-10-08T20:53:02.759202+00:00","2026-10-08T21:23:19.796991+00:00"
"in:demo-042","Product Analyst","Example Company 7","Pune","Excel; dbt","3","400000","560000","0","2026-09-13T00:00:00+00:00","2026-10-08T20:53:02.759202+00:00","2026-10-08T21:23:19.796991+00:00"
"in:demo-043","BI Analyst","Example Company 8","Delhi NCR","Excel; Python; AWS","2","600000","840000","0","2026-09-14T00:00:00+00:00","2026-10-08T20:53:02.759202+00:00","2026-10-08T21:23:19.796991+00:00"
"in:demo-044","E-commerce Analyst","Example Company 9","Bengaluru","SQL; Tableau; AWS; dbt; GenAI","2","600000","840000","0","2026-09-15T00:00:00+00:00","2026-10-08T20:53:02.759202+00:00","2026-10-08T21:23:19.796991+00:00"
"in:demo-045","Data Analyst","Example Company 10","Pune","Excel; Power BI; Snowflake; GenAI","2","600000","840000","0","2026-09-16T00:00:00+00:00","2026-10-08T20:53:02.759202+00:00","2026-10-08T21:23:19.796991+00:00"
"in:demo-046","Business Analyst","Example Company 11","Bengaluru","Power BI; Python; Tableau; Snowflake","6","","","0","2026-09-17T00:00:00+00:00","2026-10-08T20:53:02.759202+00:00","2026-10-08T21:23:19.796991+00:00"
"in:demo-047","Product Analyst","Example Company 12","Mumbai","SQL; Excel; Power BI; Tableau; dbt","6","600000","840000","0","2026-09-18T00:00:00+00:00","2026-10-08T20:53:02.759202+00:00","2026-10-08T21:23:19.796991+00:00"
"in:demo-048","BI Analyst","Example Company 1","Pune","SQL; Azure; Snowflake; dbt; GenAI","1","400000","560000","0","2026-09-19T00:00:00+00:00","2026-10-08T20:53:02.759202+00:00","2026-10-08T21:23:19.796991+00:00"
"in:demo-049","E-commerce Analyst","Example Company 2","Bengaluru","Power BI; Python; dbt; GenAI","3","400000","560000","0","2026-09-20T00:00:00+00:00","2026-10-08T20:53:02.759202+00:00","2026-10-08T21:23:19.796991+00:00"
"in:demo-050","Data Analyst","Example Company 3","Bengaluru","SQL; Python; AWS; dbt","3","400000","560000","0","2026-09-21T00:00:00+00:00","2026-10-08T20:53:02.759202+00:00","2026-10-08T21:23:19.796991+00:00"
"in:demo-051","Business Analyst","Example Company 4","Bengaluru","Excel; Power BI; Python; AWS; Azure; GenAI","2","900000","1260000","0","2026-09-22T00:00:00+00:00","2026-10-08T20:53:02.759202+00:00","2026-10-08T21:23:19.796991+00:00"
"in:demo-052","Product Analyst","Example Company 5","Hyderabad","Excel; Python; Tableau; Azure","1","","","0","2026-09-23T00:00:00+00:00","2026-10-08T20:53:02.759202+00:00","2026-10-08T21:23:19.796991+00:00"
"in:demo-053","BI Analyst","Example Company 6","Mumbai","Power BI; Python; Azure; Snowflake; GenAI","1","400000","560000","0","2026-09-24T00:00:00+00:00","2026-10-08T20:53:02.759202+00:00","2026-10-08T21:23:19.796991+00:00"
"in:demo-054","E-commerce Analyst","Example Company 7","Delhi NCR","Tableau; AWS; Azure","3","","","0","2026-09-25T00:00:00+00:00","2026-10-08T20:53:02.759202+00:00","2026-10-08T21:23:19.796991+00:00"
"in:demo-055","Data Analyst","Example Company 8","Pune","SQL; Power BI; AWS; Azure; dbt; GenAI","3","400000","560000","0","2026-09-26T00:00:00+00:00","2026-10-08T20:53:02.759202+00:00","2026-10-08T21:23:19.796991+00:00"
"in:demo-056","Business Analyst","Example Company 9","Delhi NCR","Excel; Azure","4","600000","840000","0","2026-09-27T00:00:00+00:00","2026-10-08T20:53:02.759202+00:00","2026-10-08T21:23:19.796991+00:00"
"in:demo-057","Product Analyst","Example Company 10","Hyderabad","Excel; Power BI; Tableau; Azure; dbt; GenAI","1","","","0","2026-09-28T00:00:00+00:00","2026-10-08T20:53:02.759202+00:00","2026-10-08T21:23:19.796991+00:00"
"in:demo-058","BI Analyst","Example Company 11","Delhi NCR","SQL; Power BI; Python; AWS; dbt; GenAI","6","1200000","1680000","0","2026-09-29T00:00:00+00:00","2026-10-08T20:53:02.759202+00:00","2026-10-08T21:23:19.796991+00:00"
"in:demo-059","E-commerce Analyst","Example Company 12","Hyderabad","Tableau; dbt","3","600000","840000","0","2026-09-30T00:00:00+00:00","2026-10-08T20:53:02.759202+00:00","2026-10-08T21:23:19.796991+00:00"
"in:demo-060","Data Analyst","Example Company 1","Mumbai","Excel; Power BI; Python; Tableau; dbt","5","900000","1260000","0","2026-09-01T00:00:00+00:00","2026-10-08T20:53:02.759202+00:00","2026-10-08T21:23:19.796991+00:00"
"in:demo-061","Business Analyst","Example Company 2","Pune","SQL; Excel; Power BI; Tableau; Azure; dbt","5","900000","1260000","0","2026-09-02T00:00:00+00:00","2026-10-08T20:53:02.759202+00:00","2026-10-08T21:23:19.796991+00:00"
"in:demo-062","Product Analyst","Example Company 3","Pune","AWS; Snowflake; dbt; GenAI","4","400000","560000","0","2026-09-03T00:00:00+00:00","2026-10-08T20:53:02.759202+00:00","2026-10-08T21:23:19.796991+00:00"
"in:demo-063","BI Analyst","Example Company 4","Mumbai","Excel; Tableau; AWS","6","","","0","2026-09-04T00:00:00+00:00","2026-10-08T20:53:02.759202+00:00","2026-10-08T21:23:19.796991+00:00"
"in:demo-064","E-commerce Analyst","Example Company 5","Mumbai","SQL; Power BI; Python; GenAI","4","","","0","2026-09-05T00:00:00+00:00","2026-10-08T20:53:02.759202+00:00","2026-10-08T21:23:19.796991+00:00"
"in:demo-065","Data Analyst","Example Company 6","Hyderabad","Excel; Tableau; AWS; Azure; Snowflake; GenAI","4","900000","1260000","0","2026-09-06T00:00:00+00:00","2026-10-08T20:53:02.759202+00:00","2026-10-08T21:23:19.796991+00:00"
"in:demo-066","Business Analyst","Example Company 7","Mumbai","SQL; Excel; Power BI","2","900000","1260000","0","2026-09-07T00:00:00+00:00","2026-10-08T20:53:02.759202+00:00","2026-10-08T21:23:19.796991+00:00"
"in:demo-067","Product Analyst","Example Company 8","Hyderabad","SQL; Python; Azure; Snowflake; dbt; GenAI","6","400000","560000","0","2026-09-08T00:00:00+00:00","2026-10-08T20:53:02.759202+00:00","2026-10-08T21:23:19.796991+00:00"
"in:demo-068","BI Analyst","Example Company 9","Pune","Tableau; AWS; Azure; Snowflake; dbt; GenAI","4","900000","1260000","0","2026-09-09T00:00:00+00:00","2026-10-08T20:53:02.759202+00:00","2026-10-08T21:23:19.796991+00:00"
"in:demo-069","E-commerce Analyst","Example Company 10","Delhi NCR","Tableau; Snowflake; GenAI","5","400000","560000","0","2026-09-10T00:00:00+00:00","2026-10-08T20:53:02.759202+00:00","2026-10-08T21:23:19.796991+00:00"
"in:demo-070","Data Analyst","Example Company 11","Mumbai","SQL; Python; Tableau; AWS; Snowflake","3","600000","840000","0","2026-09-11T00:00:00+00:00","2026-10-08T20:53:02.759202+00:00","2026-10-08T21:23:19.796991+00:00"
"in:demo-071","Business Analyst","Example Company 12","Mumbai","Excel; AWS; Snowflake; dbt","4","400000","560000","0","2026-09-12T00:00:00+00:00","2026-10-08T20:53:02.759202+00:00","2026-10-08T21:23:19.796991+00:00"
"in:demo-072","Product Analyst","Example Company 1","Delhi NCR","Excel; Python; Azure","5","900000","1260000","0","2026-09-13T00:00:00+00:00","2026-10-08T20:53:02.759202+00:00","2026-10-08T21:23:19.796991+00:00"
"in:demo-073","BI Analyst","Example Company 2","Pune","SQL; Python; Azure; Snowflake; GenAI","6","900000","1260000","0","2026-09-14T00:00:00+00:00","2026-10-08T20:53:02.759202+00:00","2026-10-08T21:23:19.796991+00:00"
"in:demo-074","E-commerce Analyst","Example Company 3","Bengaluru","Azure; GenAI","3","900000","1260000","0","2026-09-15T00:00:00+00:00","2026-10-08T20:53:02.759202+00:00","2026-10-08T21:23:19.796991+00:00"
"in:demo-075","Data Analyst","Example Company 4","Delhi NCR","Python; Azure; Snowflake; GenAI","4","400000","560000","0","2026-09-16T00:00:00+00:00","2026-10-08T20:53:02.759202+00:00","2026-10-08T21:23:19.796991+00:00"
"in:demo-076","Business Analyst","Example Company 5","Mumbai","SQL; AWS; Azure; Snowflake; dbt","4","900000","1260000","0","2026-09-17T00:00:00+00:00","2026-10-08T20:53:02.759202+00:00","2026-10-08T21:23:19.796991+00:00"
"in:demo-077","Product Analyst","Example Company 6","Pune","SQL; dbt; GenAI","5","900000","1260000","0","2026-09-18T00:00:00+00:00","2026-10-08T20:53:02.759202+00:00","2026-10-08T21:23:19.796991+00:00"
"in:demo-078","BI Analyst","Example Company 7","Hyderabad","Excel; Azure","2","400000","560000","0","2026-09-19T00:00:00+00:00","2026-10-08T20:53:02.759202+00:00","2026-10-08T21:23:19.796991+00:00"
"in:demo-079","E-commerce Analyst","Example Company 8","Mumbai","Tableau; Azure","4","600000","840000","0","2026-09-20T00:00:00+00:00","2026-10-08T20:53:02.759202+00:00","2026-10-08T21:23:19.796991+00:00"